iso3,country,g_whoregion,year,e_pop_num,e_inc_100k,e_inc_num,e_inc_num_lo,e_inc_num_hi,e_tbhiv_prct,e_mort_100k,e_mort_num,cfr_pct,c_cdr,c_newinc,newinc_rdx,notif_foreign,c_new_tsr,newrel_coh,mdr_coh,mdr_succ,budget_lab,budget_tot,budget_staff,cf_tot,cf_tot_domestic,cf_tot_gf,cf_tot_usaid,diagnostic_gap_num,diagnostic_gap_pct,case_detection_rate,rdx_coverage_pct,budget_lab_per100k,budget_tot_per100k,lab_budget_share_pct,donor_dependency_pct,treatment_success_pct,hiv_tb_burden_pct,lfa_priority_score
AFG,Afghanistan,EMR,2021,40000415,206.0,82000.0,49000.0,159000.0,0.01,36.0,14000.0,20.0,61.0,50324.0,18981.0,0.0,93.0,50324.0,393.0,269.0,1696418.0,10633599.0,570776.0,10633599.0,,7638546.0,,31676.0,0.3862926829268293,61.0,37.71759001669184,4241.000999614629,26583.721693887426,15.953375710330999,71.83406107377192,93.0,0.01,0.5133632232494
ALB,Albania,EUR,2021,2849633,15.0,430.0,350.0,530.0,0.41,0.37,10.0,2.0,62.0,269.0,158.0,0.0,90.0,269.0,5.0,3.0,,837539.0,,,,,,161.0,0.3744186046511628,62.0,58.7360594795539,,29391.118084328755,,,90.0,0.41,0.37546309337772754
DZA,Algeria,AFR,2021,44761094,57.0,26000.0,21000.0,31000.0,0.83,7.6,3400.0,13.0,74.0,19012.0,,,90.0,3942.0,,,,,,,,,,6988.0,0.26876923076923076,74.0,,,,,,90.0,0.83,0.4607935016185791
ASM,American Samoa,WPR,2021,49223,4.4,2.0,2.0,3.0,,0.13,0.0,,,,,,,,,,,0.0,,,,,,,,,,,0.0,,,,,0.3021221864951734
AND,Andorra,EUR,2021,78364,2.6,2.0,2.0,2.0,,0.24,0.0,,100.0,2.0,0.0,0.0,100.0,2.0,0.0,,,6000.0,,,,,,0.0,0.0,100.0,0.0,,7656.576999642693,,,100.0,,0.30125401929260254
AGO,Angola,AFR,2021,34532427,371.0,128000.0,83000.0,186000.0,12.0,80.0,28000.0,23.0,48.0,61691.0,,6.0,67.0,44149.0,,,16412210.0,29384514.0,173805.0,10254870.0,6041429.0,4213441.0,,66309.0,0.5180390625,48.0,,47526.95198631709,85092.52477388861,55.85326338900824,41.087220023266994,67.0,12.0,0.7117971418687782
AIA,Anguilla,AMR,2021,14483,0.0,0.0,0.0,0.0,,0.0,0.0,,,0.0,,0.0,,0.0,,,,,,,,,,0.0,,,,,,,,,,0.30000000000000004
ATG,Antigua and Barbuda,AMR,2021,92346,4.3,4.0,3.0,5.0,,1.2,1.0,,100.0,4.0,4.0,3.0,75.0,4.0,0.0,0.0,,,,,,,,0.0,0.0,100.0,100.0,,,,,75.0,,0.10207395498591951
ARG,Argentina,AMR,2021,45312281,34.0,15000.0,12000.0,18000.0,6.1,2.0,900.0,6.0,78.0,11927.0,697.0,1019.0,48.0,11644.0,166.0,69.0,146665.0,1086705.0,0.0,1086705.0,1086705.0,0.0,0.0,3073.0,0.20486666666666667,78.0,5.843883625387775,323.6760471184401,2398.2571082660793,13.496303044524502,0.0,48.0,6.1,0.406154765725803
ARM,Armenia,EUR,2021,2870346,26.0,750.0,610.0,910.0,11.0,1.7,49.0,7.0,53.0,398.0,326.0,2.0,86.0,317.0,47.0,34.0,690187.0,4288204.0,203921.0,3348216.0,2059940.0,1288276.0,,352.0,0.4693333333333333,53.0,81.90954773869346,24045.428669575027,149396.76262025553,16.095013203662884,38.4764901667037,86.0,11.0,0.36931678527325607
ABW,Aruba,AMR,2021,107549,5.6,6.0,5.0,7.0,,0.17,0.0,,100.0,6.0,,3.0,,,,,,,,,,,,0.0,0.0,100.0,,,,,,,,0.3027009646302208
AUS,Australia,WPR,2021,25956421,6.5,1700.0,1400.0,2000.0,1.1,0.2,52.0,3.0,87.0,1468.0,,1332.0,88.0,1256.0,20.0,11.0,,,,,,,,232.0,0.13647058823529412,87.0,,,,,,88.0,1.1,0.37082039879124873
AUT,Austria,EUR,2021,8967061,5.1,450.0,370.0,550.0,2.2,0.37,33.0,7.0,85.0,387.0,281.0,252.0,75.0,378.0,9.0,6.0,,,,,,,,63.0,0.14,85.0,72.60981912144703,,,,,75.0,2.2,0.22667600259638293
AZE,Azerbaijan,EUR,2021,10234371,67.0,6900.0,5500.0,8400.0,2.1,6.7,690.0,10.0,53.0,3663.0,3125.0,,81.0,1737.0,798.0,519.0,1332264.0,14612287.0,7251101.0,14612287.0,11086889.0,3525398.0,,3237.0,0.4691304347826087,53.0,85.31258531258531,13017.546461819686,142776.60053558738,9.11742289211812,24.126257580350018,81.0,2.1,0.387770927292234
BHS,Bahamas,AMR,2021,396375,14.0,57.0,47.0,69.0,33.0,1.8,7.0,12.0,77.0,44.0,14.0,15.0,77.0,44.0,0.0,0.0,,,,,,,,13.0,0.22807017543859648,77.0,31.818181818181817,,,,,77.0,33.0,0.35623206785590955
BHR,Bahrain,EMR,2021,1501754,17.0,260.0,210.0,310.0,3.5,1.3,20.0,8.0,75.0,196.0,182.0,162.0,44.0,192.0,,,,,,,,,,64.0,0.24615384615384617,75.0,92.85714285714286,,,,,44.0,3.5,0.24457005364271736
BGD,Bangladesh,SEA,2021,167658866,221.0,371000.0,270000.0,488000.0,0.2,27.0,45000.0,12.0,83.0,306701.0,73968.0,0.0,97.0,306860.0,1384.0,1063.0,49661669.0,157112276.0,35778032.0,95080346.0,55686165.0,39263464.0,130717.0,64299.0,0.17331266846361185,83.0,24.117299910988226,29620.663782850588,93709.4946115167,31.609031620164423,41.432517504721744,97.0,0.2,0.42931127560664206
BRB,Barbados,AMR,2021,282141,0.35,1.0,1.0,1.0,,0.87,2.0,,100.0,1.0,1.0,0.0,,,0.0,0.0,,0.0,,,,,,0.0,0.0,100.0,100.0,,0.0,,,,,0.1001688102913888
BLR,Belarus,EUR,2021,9251370,24.0,2200.0,1800.0,2700.0,8.6,2.8,260.0,12.0,67.0,1484.0,1401.0,0.0,84.0,903.0,449.0,364.0,2174613.0,70105790.0,34097802.0,70105790.0,67920001.0,2185789.0,0.0,716.0,0.32545454545454544,67.0,94.40700808625337,23505.84832300513,757788.1978561013,3.101902139609296,3.11784376154951,84.0,8.6,0.27227094968942867
BEL,Belgium,EUR,2021,11570844,8.2,950.0,770.0,1100.0,3.7,0.24,28.0,3.0,86.0,817.0,586.0,549.0,78.0,806.0,8.0,3.0,,,,,,,,133.0,0.14,86.0,71.72582619339045,,,,,78.0,3.7,0.2299391653013506
BLZ,Belize,AMR,2021,395343,35.0,140.0,110.0,170.0,25.0,4.1,16.0,12.0,52.0,72.0,57.0,11.0,80.0,70.0,2.0,1.0,53900.0,540683.0,182705.0,263631.0,101000.0,162631.0,0.0,68.0,0.4857142857142857,52.0,79.16666666666667,13633.730709788715,136763.01338331524,9.968872703598967,61.68887573919607,80.0,25.0,0.3925416630615116
BEN,Benin,AFR,2021,13413413,46.0,6200.0,3800.0,12000.0,14.0,9.7,1300.0,25.0,60.0,3711.0,2782.0,0.0,90.0,3695.0,24.0,18.0,645622.0,3291954.0,618243.0,3013955.0,399875.0,2614080.0,0.0,2489.0,0.4014516129032258,60.0,74.96631635677714,4813.256700587688,24542.254831041137,19.612120947012016,86.73254909247152,90.0,14.0,0.3689238672840446
BMU,Bermuda,AMR,2021,64639,3.1,2.0,2.0,2.0,,0.09,0.0,,100.0,2.0,0.0,2.0,100.0,2.0,0.0,0.0,,,,,,,,0.0,0.0,100.0,0.0,,,,,100.0,,0.30149517684887217
BTN,Bhutan,SEA,2021,775432,185.0,1400.0,1200.0,1700.0,0.35,35.0,280.0,19.0,60.0,854.0,528.0,8.0,94.0,799.0,52.0,50.0,267600.0,786720.0,5923.0,615861.0,60000.0,505861.0,0.0,546.0,0.39,60.0,61.82669789227166,34509.79582993738,101455.70469106254,34.01464307504576,82.13882678071838,94.0,0.35,0.441523122249208
BOL,Bolivia (Plurinational State of),AMR,2021,11937354,96.0,11000.0,9300.0,14000.0,4.5,13.0,1500.0,13.0,62.0,7071.0,5157.0,0.0,80.0,7099.0,94.0,53.0,693592.0,4101517.0,245299.0,4101517.0,1810344.0,2291173.0,0.0,3929.0,0.35718181818181816,62.0,72.93169282986848,5810.2658260783755,34358.67781084485,16.91062111896647,55.861599500867605,80.0,4.5,0.3746473563358035
BIH,Bosnia and Herzegovina,EUR,2021,3244909,23.0,750.0,610.0,900.0,0.2,1.6,50.0,7.0,48.0,362.0,1.0,10.0,46.0,361.0,0.0,0.0,,73239.0,,73239.0,73239.0,,,388.0,0.5173333333333333,48.0,0.27624309392265195,,2257.0432637710333,,0.0,46.0,0.2,0.5671226994994526
BWA,Botswana,AFR,2021,2401443,241.0,5800.0,3500.0,11000.0,48.0,91.0,2200.0,38.0,41.0,2350.0,1325.0,89.0,76.0,2800.0,49.0,32.0,,,,,,,,3450.0,0.5948275862068966,41.0,56.38297872340426,,,,,76.0,48.0,0.5984887660622356
BRA,Brazil,AMR,2021,209550290,47.0,98000.0,80000.0,118000.0,12.0,3.6,7500.0,8.0,82.0,79904.0,32531.0,539.0,65.0,78023.0,599.0,336.0,4087862.0,27619345.0,656254.0,27619345.0,27602345.0,0.0,0.0,18096.0,0.1846530612244898,82.0,40.71260512615138,1950.7784980874997,13180.294334119031,14.80072029224444,0.0,65.0,12.0,0.3318378997553787
VGB,British Virgin Islands,AMR,2021,37805,1.2,0.0,0.0,1.0,,0.03,0.0,,,,,,,,0.0,0.0,,,,,,,,,,,,,,,,,,0.3005787781350473
BRN,Brunei Darussalam,WPR,2021,451723,66.0,300.0,240.0,360.0,1.7,5.4,24.0,8.0,79.0,235.0,,71.0,70.0,229.0,0.0,0.0,,,,,,,,65.0,0.21666666666666667,79.0,,,,,,70.0,1.7,0.4392930163478823
BGR,Bulgaria,EUR,2021,6877224,13.0,900.0,730.0,1100.0,0.0,0.86,59.0,7.0,75.0,673.0,2.0,1.0,79.0,671.0,4.0,2.0,410061.0,4950315.0,4175826.0,4950315.0,4950315.0,0.0,0.0,227.0,0.25222222222222224,75.0,0.2971768202080238,5962.594791154105,71981.29652313201,8.283533472112381,0.0,79.0,0.0,0.4277502390322019
BFA,Burkina Faso,AFR,2021,21995233,61.0,13000.0,8200.0,26000.0,5.8,14.0,3100.0,26.0,52.0,6882.0,3042.0,,82.0,6782.0,73.0,44.0,1241134.0,4785799.0,370499.0,1723944.0,160000.0,1563944.0,0.0,6118.0,0.4706153846153846,52.0,44.20226678291194,5642.740861167508,21758.346456252588,25.93368421866443,90.71895606817854,82.0,5.8,0.471569708847362
BDI,Burundi,AFR,2021,12965488,93.0,12000.0,7400.0,23000.0,5.9,20.0,2600.0,22.0,56.0,6788.0,3387.0,0.0,95.0,6788.0,46.0,42.0,5214176.0,9744663.0,2452721.0,1762654.0,361478.0,1021786.0,0.0,5212.0,0.43433333333333335,56.0,49.896876841484975,40215.809848422214,75158.47455953837,53.50801767080093,57.96860870028945,95.0,5.9,0.4401075331484929
CPV,Cabo Verde,AFR,2021,516640,49.0,260.0,210.0,310.0,8.1,5.6,29.0,11.0,71.0,182.0,85.0,6.0,92.0,182.0,1.0,1.0,11000.0,86300.0,21600.0,86300.0,65300.0,21000.0,,78.0,0.3,71.0,46.7032967032967,2129.1421492722206,16704.087952926602,12.746234067207416,24.33371958285052,92.0,8.1,0.37793944971665705
KHM,Cambodia,WPR,2021,16974300,279.0,47000.0,36000.0,63000.0,1.7,19.0,3300.0,7.0,46.0,21589.0,,,95.0,21648.0,65.0,54.0,4400000.0,34450000.0,8700000.0,17440639.0,6300000.0,7892639.0,1500000.0,25411.0,0.5406595744680851,46.0,,25921.54021078925,202953.87733220222,12.772133526850508,53.85490176134028,95.0,1.7,0.6895869945393052
CMR,Cameroon,AFR,2021,26915765,150.0,40000.0,25000.0,77000.0,20.0,37.0,10000.0,25.0,55.0,22409.0,5150.0,138.0,88.0,22409.0,107.0,87.0,1203941.0,7659928.0,459206.0,7659928.0,567836.0,6042092.0,,17591.0,0.439775,55.0,22.98183765451381,4472.995658863867,28458.89017087198,15.717393166097645,78.87922706323089,88.0,20.0,0.5422332076180917
CAN,Canada,AMR,2021,38454059,5.4,2100.0,1700.0,2500.0,2.8,0.33,130.0,6.0,91.0,1904.0,,1152.0,,,,,,,,,,,,196.0,0.09333333333333334,91.0,,,,,,,2.8,0.34889505745029536
CYM,Cayman Islands,AMR,2021,70113,2.9,2.0,2.0,2.0,,0.09,0.0,,100.0,2.0,,,100.0,2.0,0.0,0.0,,,,,,,,0.0,0.0,100.0,,,,,,100.0,,0.3013987138263643
CAF,Central African Republic,AFR,2021,5112092,446.0,23000.0,14000.0,43000.0,28.0,111.0,5700.0,27.0,58.0,13216.0,2598.0,0.0,83.0,13216.0,100.0,69.0,558510.0,3754547.0,482078.0,3694664.0,1209240.0,2410763.0,47945.0,9784.0,0.42539130434782607,58.0,19.657990314769975,10925.27286285145,73444.43331614533,14.87556288415087,66.54753991161307,83.0,28.0,0.681244032665317
TCD,Chad,AFR,2021,17828275,127.0,23000.0,14000.0,43000.0,14.0,27.0,4800.0,22.0,60.0,13643.0,,0.0,82.0,13643.0,128.0,79.0,1564250.0,4859473.0,1163598.0,2375141.0,525840.0,1641894.0,0.0,9357.0,0.4068260869565217,60.0,,8773.984022570889,27257.112648307255,32.189704521457365,69.12827491083688,82.0,14.0,0.558583384705955
CHL,Chile,AMR,2021,19456337,17.0,3200.0,2600.0,3900.0,9.5,2.0,390.0,12.0,82.0,2631.0,1714.0,683.0,74.0,2309.0,57.0,31.0,,3144022.0,,,,,,569.0,0.1778125,82.0,65.14633219308247,,16159.372650669035,,,74.0,9.5,0.2660964010364424
CHN,China,WPR,2021,1426437266,55.0,781000.0,635000.0,941000.0,1.3,2.1,31000.0,4.0,75.0,585340.0,332535.0,423.0,94.0,570910.0,12803.0,8436.0,3875000.0,901144676.0,158697868.0,792366077.0,792175512.0,,,195660.0,0.2505249679897567,75.0,56.81057163358048,271.6558303938759,63174.50458420651,0.43000864380626935,0.0,94.0,1.3,0.33702151547967923
HKG,"China, Hong Kong SAR",WPR,2021,7484591,76.0,5700.0,4600.0,6900.0,1.0,2.1,160.0,3.0,65.0,3711.0,,410.0,74.0,3662.0,27.0,25.0,,,,,,,,1989.0,0.3489473684210526,65.0,,,,,,74.0,1.0,0.5097234590246058
MAC,"China, Macao SAR",WPR,2021,694395,75.0,520.0,420.0,630.0,1.3,13.0,90.0,17.0,65.0,338.0,277.0,53.0,82.0,333.0,2.0,0.0,,,,,,,,182.0,0.35,65.0,81.95266272189349,,,,,82.0,1.3,0.34585789240799275
COL,Colombia,AMR,2021,51188174,41.0,21000.0,17000.0,25000.0,14.0,4.3,2200.0,11.0,65.0,13659.0,5284.0,879.0,73.0,13141.0,195.0,112.0,400000.0,4248600.0,1827500.0,3631600.0,3631600.0,0.0,0.0,7341.0,0.3495714285714286,65.0,38.685116040705765,781.4304921289046,8299.963972147161,9.414866073530105,0.0,73.0,14.0,0.4153858969803364
COM,Comoros,AFR,2021,818172,32.0,260.0,160.0,500.0,2.4,7.4,61.0,31.0,51.0,134.0,90.0,0.0,,,0.0,0.0,,,,,,,,126.0,0.4846153846153846,51.0,67.16417910447761,,,,,,2.4,0.4214605345762893
COG,Congo,AFR,2021,5892187,297.0,18000.0,11000.0,33000.0,30.0,60.0,3500.0,20.0,68.0,11979.0,4847.0,,78.0,11979.0,133.0,88.0,954458.0,1821321.0,186911.0,1821321.0,1045318.0,776003.0,,6021.0,0.3345,68.0,40.46247599966608,16198.70516668938,30910.780665990405,52.40471064683271,42.60660257033219,78.0,30.0,0.5200195871915387
COK,Cook Islands,WPR,2021,15178,0.0,0.0,0.0,0.0,,0.0,0.0,,,0.0,0.0,0.0,,0.0,0.0,,,,,,,,,0.0,,,,,,,,,,0.30000000000000004
CRI,Costa Rica,AMR,2021,5059985,9.8,500.0,400.0,610.0,12.0,1.1,55.0,11.0,70.0,350.0,132.0,81.0,83.0,360.0,0.0,0.0,,,,,,,,150.0,0.3,70.0,37.714285714285715,,,,,83.0,12.0,0.3780891890262271
CIV,Côte d'Ivoire,AFR,2021,29639740,112.0,33000.0,20000.0,63000.0,13.0,23.0,6800.0,21.0,62.0,20729.0,7100.0,,85.0,20659.0,446.0,335.0,10548959.0,45892654.0,8812360.0,8029282.0,3366944.0,4538750.0,0.0,12271.0,0.3718484848484849,62.0,34.2515316706064,35590.592225167966,154834.87372021482,22.986160268700086,56.52747032673656,85.0,13.0,0.45191438668130507
HRV,Croatia,EUR,2021,3924604,4.9,190.0,160.0,230.0,0.95,0.58,23.0,12.0,79.0,154.0,0.0,0.0,46.0,170.0,,,,,,,,,,36.0,0.18947368421052632,79.0,0.0,,,,,46.0,0.95,0.39633665290480613
CUB,Cuba,AMR,2021,11122166,5.4,600.0,490.0,730.0,5.3,0.55,61.0,10.0,84.0,509.0,48.0,1.0,81.0,500.0,3.0,2.0,,,,,,,,91.0,0.15166666666666667,84.0,9.430255402750491,,,,,81.0,5.3,0.3589661440465971
CUW,Curaçao,AMR,2021,185313,3.2,6.0,5.0,7.0,,0.1,0.0,,,,,,,,,,,,,,,,,,,,,,,,,,,0.30154340836012616
CYP,Cyprus,EUR,2021,1317303,4.5,59.0,48.0,71.0,4.6,0.22,3.0,5.0,81.0,48.0,21.0,46.0,51.0,45.0,,,,,,,,,,11.0,0.1864406779661017,81.0,43.75,,,,,51.0,4.6,0.3071394460221464
CZE,Czechia,EUR,2021,10530678,4.0,420.0,340.0,500.0,0.74,0.35,37.0,9.0,84.0,352.0,264.0,132.0,68.0,342.0,11.0,5.0,,,,,,,,68.0,0.1619047619047619,84.0,75.0,,,,,68.0,0.74,0.23222920426021915
PRK,Democratic People's Republic of Korea,SEA,2021,26232533,,,,,,,,,,87413.0,,0.0,88.0,87413.0,815.0,648.0,1304737.0,46549372.0,2666600.0,14499448.0,6102100.0,8397348.0,0.0,,,,,4973.736238128434,177449.01721842872,2.802909994145571,57.914949589805076,88.0,,0.29748066419817204
COD,Democratic Republic of the Congo,AFR,2021,99148925,401.0,397000.0,243000.0,763000.0,8.0,92.0,91000.0,26.0,54.0,214408.0,20148.0,,95.0,214408.0,1125.0,1075.0,11873032.0,57194960.0,4923455.0,35004478.0,719985.0,29390839.0,4120000.0,182592.0,0.4599294710327456,54.0,9.397037423976718,11974.947786877165,57685.91036161008,20.75887805498946,95.73300593141255,95.0,8.0,0.6966599716858739
DNK,Denmark,EUR,2021,5856781,4.0,230.0,190.0,280.0,2.2,0.17,10.0,4.0,82.0,191.0,183.0,147.0,20.0,199.0,,,,,,,,,,39.0,0.16956521739130434,82.0,95.81151832460733,,,,,20.0,2.2,0.19440552556655727
DJI,Djibouti,EMR,2021,1121254,392.0,4400.0,3600.0,5300.0,2.7,107.0,1200.0,28.0,41.0,1799.0,,,82.0,1792.0,,,,,,,,,,2601.0,0.5911363636363637,41.0,,,,,,82.0,2.7,0.782253568952847
DMA,Dominica,AMR,2021,67206,0.0,0.0,0.0,0.0,,2.8,2.0,,,0.0,,,,0.0,0.0,0.0,,,,,,,,0.0,,,,,,,,,,0.30000000000000004
DOM,Dominican Republic,AMR,2021,11123481,47.0,5300.0,4300.0,6300.0,24.0,6.4,710.0,14.0,64.0,3374.0,2545.0,398.0,82.0,3175.0,177.0,121.0,1500000.0,36167724.0,12563670.0,26521882.0,25979882.0,500000.0,42000.0,1926.0,0.36339622641509434,64.0,75.42975696502667,13484.987298490463,325147.5325035391,4.14734419008506,2.043595548762339,82.0,24.0,0.345212489121757
ECU,Ecuador,AMR,2021,17682453,41.0,7200.0,5800.0,8600.0,13.0,4.9,870.0,12.0,78.0,5595.0,,67.0,69.0,5473.0,271.0,146.0,0.0,592095.0,0.0,592095.0,592095.0,0.0,0.0,1605.0,0.22291666666666668,78.0,,0.0,3348.4890359951755,0.0,0.0,69.0,13.0,0.4303349525417127
EGY,Egypt,EMR,2021,110957005,11.0,12000.0,9500.0,15000.0,0.83,0.47,520.0,4.0,56.0,6761.0,6037.0,584.0,88.0,6725.0,76.0,57.0,,,,,,,,5239.0,0.4365833333333333,56.0,89.29152492234877,,,,,88.0,0.83,0.3432547575193877
SLV,El Salvador,AMR,2021,6255785,39.0,2400.0,2000.0,3000.0,6.6,1.8,110.0,5.0,79.0,1936.0,728.0,3.0,88.0,1936.0,42.0,38.0,869525.0,6901734.0,4313181.0,6901734.0,5228929.0,1672805.0,0.0,464.0,0.19333333333333333,79.0,37.603305785123965,13899.534590782772,110325.62660001902,12.598645499812076,24.237459745623347,88.0,6.6,0.33245075674599706
GNQ,Equatorial Guinea,AFR,2021,1758790,211.0,3700.0,2300.0,7200.0,40.0,67.0,1200.0,36.0,49.0,1807.0,70.0,22.0,59.0,1887.0,36.0,23.0,482952.0,1512621.0,65895.0,1021821.0,782458.0,0.0,0.0,1893.0,0.5116216216216216,49.0,3.87382401770891,27459.33283677983,86003.50240790544,31.92815649128235,0.0,59.0,40.0,0.6338610236198524
ERI,Eritrea,AFR,2021,3350177,111.0,3700.0,3000.0,4500.0,2.6,29.0,980.0,27.0,43.0,1603.0,1149.0,0.0,93.0,1586.0,26.0,20.0,1987694.0,4534086.0,144000.0,1597303.0,,1597303.0,,2097.0,0.5667567567567567,43.0,71.67810355583282,59331.01445087827,135338.70001495443,43.838912627594624,100.0,93.0,2.6,0.46122244597462303
EST,Estonia,EUR,2021,1331751,10.0,140.0,110.0,160.0,12.0,1.3,17.0,13.0,79.0,107.0,87.0,19.0,84.0,86.0,19.0,17.0,,194000.0,,,,,,33.0,0.2357142857142857,79.0,81.30841121495327,,14567.287728712048,,,84.0,12.0,0.2591135998301666
SWZ,Eswatini,AFR,2021,1206593,334.0,4000.0,2300.0,6000.0,62.0,88.0,1100.0,28.0,48.0,1934.0,1763.0,0.0,79.0,1822.0,77.0,65.0,1487071.0,10413562.0,2307172.0,9653831.0,1326665.0,3627155.0,4507644.0,2066.0,0.5165,48.0,91.15822130299897,123245.45227761142,863055.0649639107,14.28013776650103,84.26498247172547,79.0,62.0,0.4725181835907835
ETH,Ethiopia,AFR,2021,122138583,151.0,184000.0,89000.0,313000.0,5.2,19.0,23000.0,14.0,57.0,104606.0,,,87.0,101547.0,514.0,401.0,23347619.0,113310460.0,4878388.0,48078415.0,13257323.0,19894539.0,12500000.0,79394.0,0.4314891304347826,57.0,,19115.678622209005,92772.04403132793,20.604998867712656,67.3785502288293,87.0,5.2,0.5771527269501959
FJI,Fiji,WPR,2021,916716,63.0,580.0,470.0,700.0,8.1,6.3,58.0,10.0,59.0,342.0,138.0,9.0,56.0,290.0,4.0,3.0,50000.0,583500.0,500000.0,281000.0,271000.0,,,238.0,0.4103448275862069,59.0,40.35087719298246,5454.251916624124,63651.11986700352,8.56898029134533,0.0,56.0,8.1,0.45044019044220945
FIN,Finland,EUR,2021,5541087,3.6,200.0,160.0,240.0,1.5,0.45,25.0,13.0,86.0,170.0,105.0,70.0,7.0,167.0,,,,,,,,,,30.0,0.15,86.0,61.76470588235294,,,,,7.0,1.5,0.2526024588172503
FRA,France,EUR,2021,66083549,7.4,4900.0,4700.0,5100.0,5.3,0.54,360.0,7.0,83.0,4042.0,0.0,2610.0,37.0,3942.0,43.0,0.0,,,,,,,,858.0,0.17510204081632652,83.0,0.0,,,,,37.0,5.3,0.3904145332459166
PYF,French Polynesia,WPR,2021,279790,19.0,52.0,43.0,63.0,0.0,3.2,9.0,17.0,65.0,34.0,33.0,0.0,,,5.0,2.0,,,,,,,,18.0,0.34615384615384615,65.0,97.05882352941177,,,,,,0.0,0.28672834664039504
GAB,Gabon,AFR,2021,2376719,401.0,9500.0,5800.0,18000.0,30.0,110.0,2600.0,28.0,53.0,5073.0,2665.0,0.0,57.0,3245.0,63.0,33.0,,356324.0,,356324.0,,356324.0,,4427.0,0.466,53.0,52.53301793810368,,14992.26454620845,,100.0,57.0,30.0,0.6194644566386152
GMB,Gambia,AFR,2021,2576012,149.0,3800.0,2800.0,5100.0,13.0,33.0,840.0,22.0,59.0,2254.0,,0.0,84.0,2254.0,12.0,11.0,,,,,,,,1546.0,0.4068421052631579,59.0,,,,,,84.0,13.0,0.5736465288340664
GEO,Georgia,EUR,2021,3788451,63.0,2400.0,2000.0,2900.0,3.0,2.4,89.0,4.0,62.0,1501.0,1403.0,,87.0,1343.0,140.0,107.0,2625782.0,11737477.0,958347.0,10123811.0,4970055.0,3619143.0,0.0,899.0,0.3745833333333333,62.0,93.47101932045304,69310.17452779513,309822.58976030047,22.37092349573933,35.74882028121623,87.0,3.0,0.2941184676269284
DEU,Germany,EUR,2021,83697078,5.0,4200.0,3800.0,4600.0,2.6,0.36,300.0,7.0,91.0,3792.0,3267.0,2782.0,67.0,3738.0,91.0,45.0,,,,,,,,408.0,0.09714285714285714,91.0,86.15506329113924,,,,,67.0,2.6,0.1782814152672786
GHA,Ghana,AFR,2021,32518663,136.0,44000.0,21000.0,77000.0,14.0,47.0,15000.0,38.0,30.0,13401.0,12525.0,,87.0,13110.0,200.0,145.0,2488054.0,8259686.0,1564520.0,6553048.0,1037575.0,5365473.0,150000.0,30599.0,0.6954318181818182,30.0,93.4631743899709,7651.157121681171,25399.832705299108,30.122864234790523,84.16652830865881,87.0,14.0,0.5197064691283814
GRC,Greece,EUR,2021,10579554,2.3,240.0,200.0,290.0,3.6,0.34,36.0,15.0,81.0,195.0,91.0,148.0,,,,,,,,,,,,45.0,0.1875,81.0,46.666666666666664,,,,,,3.6,0.30077041164591445
GRL,Greenland,EUR,2021,56037,76.0,43.0,35.0,51.0,13.0,9.6,5.0,13.0,80.0,34.0,32.0,0.0,,,,,,1400000.0,,,,,,9.0,0.20930232558139536,80.0,94.11764705882354,,2498349.3049235325,,,,13.0,0.25222837933338776
GRD,Grenada,AMR,2021,116687,1.7,2.0,2.0,2.0,,0.84,1.0,,100.0,2.0,0.0,0.0,50.0,2.0,0.0,0.0,,,,,,,,0.0,0.0,100.0,0.0,,,,,50.0,,0.30081993569131704
GUM,Guam,WPR,2021,163717,55.0,89.0,73.0,110.0,1.8,9.4,15.0,17.0,65.0,58.0,39.0,32.0,79.0,58.0,1.0,1.0,,1073638.0,,,,,,31.0,0.34831460674157305,65.0,67.24137931034483,,655788.9528882157,,,79.0,1.8,0.3647982520791583
GTM,Guatemala,AMR,2021,17598650,20.0,3500.0,2800.0,4200.0,8.9,1.7,300.0,9.0,89.0,3089.0,971.0,9.0,87.0,2977.0,64.0,41.0,1866796.0,5607739.0,693560.0,5607739.0,2849233.0,2758506.0,0.0,411.0,0.11742857142857142,89.0,31.434121074781483,10607.60910638032,31864.5975685635,33.28963776666496,49.19105543250141,87.0,8.9,0.29964608781807894
GIN,Guinea,AFR,2021,13710514,179.0,25000.0,15000.0,47000.0,20.0,27.0,3700.0,15.0,77.0,18754.0,5801.0,,89.0,18754.0,315.0,233.0,85680.0,2479804.0,82300.0,2479804.0,481193.0,1791582.0,0.0,6246.0,0.24984,77.0,30.932067825530552,624.921866532502,18086.87843504627,3.45511177496286,72.2469195146068,89.0,20.0,0.44806693423393046
GNB,Guinea-Bissau,AFR,2021,2058838,183.0,3800.0,2300.0,7100.0,29.0,39.0,790.0,21.0,66.0,2490.0,1951.0,0.0,75.0,2490.0,39.0,0.0,,,,,,,,1310.0,0.3447368421052632,66.0,78.35341365461848,,,,,75.0,29.0,0.40253605300635675
GUY,Guyana,AMR,2021,815477,66.0,540.0,440.0,650.0,20.0,18.0,150.0,28.0,77.0,414.0,268.0,11.0,67.0,402.0,6.0,3.0,150343.0,1551382.0,532000.0,1153168.0,905216.0,247952.0,0.0,126.0,0.23333333333333334,77.0,64.73429951690821,18436.203596177453,190242.275379931,9.690907848614977,21.501810664187698,67.0,20.0,0.3087521378815681
HTI,Haiti,AMR,2021,11374584,209.0,24000.0,19000.0,29000.0,14.0,23.0,2600.0,11.0,44.0,10407.0,2380.0,0.0,82.0,9778.0,66.0,57.0,1185231.0,10036315.0,2139819.0,6743644.0,362729.0,6159270.0,,13593.0,0.566375,44.0,22.86922263860863,10419.994260889014,88234.56752352438,11.809424076466312,91.33444766657314,82.0,14.0,0.6306925415511592
HND,Honduras,AMR,2021,10289877,38.0,3900.0,3200.0,4700.0,5.7,5.9,610.0,16.0,53.0,2063.0,1004.0,0.0,85.0,2063.0,11.0,8.0,444347.0,3376260.0,687054.0,3376260.0,2163270.0,1212990.0,0.0,1837.0,0.47102564102564104,53.0,48.66698982064954,4318.292628765144,32811.47092428802,13.160923625550165,35.92703168594836,85.0,5.7,0.45242136003759026
HUN,Hungary,EUR,2021,9707853,4.1,400.0,330.0,480.0,1.1,0.59,58.0,15.0,78.0,314.0,0.0,29.0,64.0,305.0,12.0,8.0,,,,,,,,86.0,0.215,78.0,0.0,,,,,64.0,1.1,0.4086110938130749
ISL,Iceland,EUR,2021,372640,1.9,7.0,6.0,8.0,,0.56,2.0,,100.0,7.0,6.0,5.0,57.0,7.0,,,,,,,,,,0.0,0.0,100.0,85.71428571428571,,,,,57.0,,0.12948782728696778
IND,India,SEA,2021,1414203891,196.0,2770000.0,2400000.0,3210000.0,1.8,23.0,332000.0,12.0,71.0,1965444.0,432398.0,,87.0,1905759.0,31506.0,22992.0,111755426.0,544258912.0,99297023.0,544258912.0,358185153.0,159648385.0,18984000.0,804556.0,0.2904534296028881,71.0,22.000016281308447,7902.355997689728,38485.17992799102,20.53350409813776,32.82121451049386,87.0,1.8,0.49058722382383996
IDN,Indonesia,WPR,2021,276758054,330.0,915000.0,804000.0,1030000.0,2.3,50.0,137000.0,15.0,47.0,432577.0,214160.0,28.0,87.0,391245.0,4774.0,2732.0,204150835.0,515382378.0,16819238.0,175637305.0,102845275.0,63051851.0,9740179.0,482423.0,0.5272382513661202,47.0,49.50794887384211,73765.09266826973,186221.27542492404,39.61152800610501,41.4445154461918,87.0,2.3,0.5842785000809445
IRN,Iran (Islamic Republic of),EMR,2021,88455483,12.0,11000.0,8800.0,13000.0,2.1,1.1,980.0,9.0,57.0,6199.0,,1253.0,83.0,6191.0,33.0,24.0,,1835571.0,,1835571.0,1835571.0,,,4801.0,0.43645454545454543,57.0,,,2075.1353536784145,,0.0,83.0,2.1,0.5222562475195365
IRQ,Iraq,EMR,2021,43071206,20.0,8800.0,7100.0,11000.0,0.04,1.8,790.0,9.0,66.0,5801.0,,0.0,93.0,5804.0,99.0,77.0,1000000.0,23028000.0,19098000.0,20360000.0,19710000.0,650000.0,0.0,2999.0,0.34079545454545457,66.0,,2321.7367073492205,53464.95289683786,4.342539517109605,3.192534381139489,93.0,0.04,0.47749468178551774
IRL,Ireland,EUR,2021,5028427,5.0,250.0,210.0,310.0,3.6,0.3,15.0,6.0,83.0,210.0,91.0,122.0,3.0,204.0,6.0,2.0,,,,,,,,40.0,0.16,83.0,43.333333333333336,,,,,3.0,3.6,0.29510014748418134
ISR,Israel,EUR,2021,8942923,2.8,250.0,200.0,300.0,7.5,0.15,14.0,6.0,86.0,211.0,,171.0,86.0,178.0,5.0,3.0,,,,,,,,39.0,0.156,86.0,,,,,,86.0,7.5,0.3787218399377126
ITA,Italy,EUR,2021,59729355,4.7,2800.0,2300.0,3400.0,5.2,0.45,270.0,10.0,85.0,2378.0,235.0,1437.0,,,,,,,,,,,,422.0,0.15071428571428572,85.0,9.882253994953743,,,,,,5.2,0.3572521736727834
JAM,Jamaica,AMR,2021,2837683,2.7,77.0,62.0,92.0,16.0,0.41,12.0,15.0,74.0,57.0,14.0,0.0,,,,,,,,,,0.0,0.0,20.0,0.2597402597402597,74.0,24.56140350877193,,,,,,16.0,0.3810028830518757
JPN,Japan,WPR,2021,125679338,11.0,14000.0,11000.0,17000.0,0.53,2.2,2800.0,20.0,83.0,11519.0,,1313.0,64.0,11448.0,50.0,31.0,,43400000.0,,,,,,2481.0,0.1772142857142857,83.0,,,34532.32702419232,,,64.0,0.53,0.39319847826251053
JOR,Jordan,EMR,2021,11066352,4.8,530.0,430.0,640.0,0.0,0.09,10.0,2.0,41.0,219.0,64.0,25.0,85.0,219.0,3.0,1.0,150000.0,2402500.0,1700000.0,1500000.0,600000.0,900000.0,0.0,311.0,0.5867924528301887,41.0,29.22374429223744,1355.4602275438194,21709.954644493508,6.243496357960458,60.0,85.0,0.0,0.5342126399817816
KAZ,Kazakhstan,EUR,2021,19743602,57.0,11000.0,9200.0,14000.0,6.5,2.6,510.0,5.0,86.0,9757.0,9630.0,156.0,89.0,5621.0,4163.0,3398.0,5333282.0,119438750.0,64739653.0,119438750.0,116825630.0,2363120.0,,1243.0,0.113,86.0,98.69837040073793,27012.7102440578,604949.1374471588,4.4652861822482235,1.9785203713200281,89.0,6.5,0.17245716848391568
KEN,Kenya,AFR,2021,53219163,247.0,132000.0,77000.0,201000.0,26.0,62.0,33000.0,26.0,58.0,76010.0,49233.0,0.0,87.0,75086.0,465.0,363.0,6895248.0,79457851.0,13355551.0,42161851.0,18924367.0,17556149.0,5681335.0,55990.0,0.4241666666666667,58.0,64.77174056045257,12956.325525074493,149303.08280120828,8.6778687231297,55.114952140028194,87.0,26.0,0.4933996562447554
KIR,Kiribati,WPR,2021,128371,547.0,700.0,570.0,850.0,0.46,38.0,49.0,7.0,47.0,330.0,224.0,1.0,86.0,330.0,0.0,0.0,23324.0,489369.0,375922.0,489369.0,129460.0,114038.0,,370.0,0.5285714285714286,47.0,67.87878787878788,18169.212672644135,381214.60454464017,4.766137618034652,23.303069871610177,86.0,0.46,0.6810212779192497
KWT,Kuwait,EMR,2021,4360748,22.0,960.0,780.0,1200.0,0.38,0.39,17.0,2.0,77.0,736.0,656.0,651.0,100.0,736.0,8.0,8.0,,10950000.0,,,,,,224.0,0.23333333333333334,77.0,89.1304347826087,,251103.70973053246,,,100.0,0.38,0.24807645251888866
KGZ,Kyrgyzstan,EUR,2021,6820484,132.0,9000.0,7100.0,11000.0,2.9,6.1,420.0,5.0,51.0,4596.0,3833.0,0.0,81.0,3845.0,754.0,564.0,945292.0,13062463.0,82151.0,13062463.0,8004652.0,2348028.0,2324624.0,4404.0,0.48933333333333334,51.0,83.39860748476937,13859.60292554018,191518.1239337267,7.236705665692603,35.77159988893366,81.0,2.9,0.43254287669983205
LAO,Lao People's Democratic Republic,WPR,2021,7453192,143.0,11000.0,6800.0,15000.0,5.8,30.0,2200.0,22.0,58.0,6171.0,5849.0,38.0,87.0,6175.0,39.0,33.0,1419215.0,4540827.0,518400.0,2461939.0,392125.0,2069814.0,0.0,4829.0,0.439,58.0,94.78204504942472,19041.707230942124,60924.59445563726,31.254549006161213,84.07251357568161,87.0,5.8,0.38749275231056335
LVA,Latvia,EUR,2021,1885588,19.0,350.0,290.0,420.0,7.7,3.9,73.0,21.0,72.0,255.0,203.0,6.0,,,,,,,,,,,,95.0,0.2714285714285714,72.0,79.6078431372549,,,,,,7.7,0.2845687948973314
LBN,Lebanon,EMR,2021,5718126,11.0,650.0,530.0,790.0,0.88,1.6,93.0,14.0,72.0,471.0,273.0,239.0,88.0,467.0,2.0,1.0,157338.0,1245767.0,650400.0,992774.0,532064.0,208710.0,0.0,179.0,0.2753846153846154,72.0,57.961783439490446,2751.5658101972567,21786.2810298339,12.629809587186047,21.02291155892479,88.0,0.88,0.3245707288202263
LSO,Lesotho,AFR,2021,2261539,606.0,14000.0,8300.0,20000.0,64.0,239.0,5400.0,41.0,33.0,4490.0,3807.0,,77.0,4508.0,111.0,82.0,1867484.0,14216736.0,2022790.0,10610878.0,4094870.0,5823609.0,692399.0,9510.0,0.6792857142857143,33.0,84.78841870824053,82575.80346834612,628631.0339994137,13.135814015256384,61.40875429912586,77.0,64.0,0.7177846781437403
LBR,Liberia,AFR,2021,5259313,232.0,12000.0,7500.0,23000.0,11.0,49.0,2600.0,21.0,60.0,7327.0,1501.0,,78.0,91.0,91.0,77.0,1450211.0,9114764.0,1638417.0,3404292.0,286718.0,3117574.0,0.0,4673.0,0.3894166666666667,60.0,20.48587416405077,27574.152745805393,173307.12205187255,15.910571025207016,91.57774949974915,78.0,11.0,0.5500973602307316
LBY,Libya,EMR,2021,7135172,47.0,3400.0,2000.0,6800.0,0.65,9.5,680.0,23.0,58.0,1944.0,1800.0,339.0,62.0,1944.0,5.0,1.0,950000.0,2600000.0,150000.0,2600000.0,600000.0,,,1456.0,0.42823529411764705,58.0,92.5925925925926,13314.325148714004,36439.20567016464,36.53846153846154,0.0,62.0,0.65,0.34313151104031475
LTU,Lithuania,EUR,2021,2794486,31.0,860.0,700.0,1000.0,2.5,3.9,110.0,13.0,73.0,628.0,0.0,7.0,86.0,528.0,105.0,74.0,,,,,,,,232.0,0.26976744186046514,73.0,0.0,,,,,86.0,2.5,0.4487483916882129
LUX,Luxembourg,EUR,2021,640276,6.4,41.0,33.0,49.0,0.0,0.17,1.0,3.0,83.0,34.0,0.0,33.0,,,,,,,,,,,,7.0,0.17073170731707318,83.0,0.0,,,,,,0.0,0.3877646627737569
MDG,Madagascar,AFR,2021,29691079,216.0,64000.0,39000.0,122000.0,1.6,39.0,12000.0,18.0,63.0,40031.0,10181.0,0.0,83.0,39687.0,75.0,59.0,1719718.0,6373997.0,579269.0,6373997.0,0.0,6373997.0,0.0,23969.0,0.374515625,63.0,25.432789588069248,5792.036052310527,21467.71762656386,26.980213514377244,100.0,83.0,1.6,0.536129262558867
MWI,Malawi,AFR,2021,20047262,132.0,26000.0,13000.0,44000.0,45.0,39.0,7900.0,32.0,55.0,14385.0,4315.0,,90.0,14221.0,83.0,55.0,9873203.0,38669119.0,1000000.0,19852545.0,462973.0,5703015.0,3500000.0,11615.0,0.4467307692307692,55.0,29.996524157108098,49249.633191804445,192889.7771675753,25.53252635520349,46.35685248415253,90.0,45.0,0.5002914042828174
MYS,Malaysia,WPR,2021,34282393,98.0,34000.0,27000.0,41000.0,4.5,7.6,2600.0,8.0,63.0,21186.0,,3120.0,79.0,20710.0,166.0,106.0,1400000.0,16580000.0,10300000.0,16580000.0,16580000.0,,,12814.0,0.37688235294117645,63.0,,4083.728927557653,48363.01829921849,8.443908323281061,0.0,79.0,4.5,0.532120790175981
MDV,Maldives,SEA,2021,516163,27.0,140.0,110.0,170.0,0.0,1.8,9.0,7.0,62.0,87.0,46.0,18.0,77.0,87.0,0.0,0.0,,3281000.0,,,,,,53.0,0.37857142857142856,62.0,52.87356321839081,,635651.9161582679,,,77.0,0.0,0.3950355443316824
MLI,Mali,AFR,2021,22388629,54.0,12000.0,7500.0,23000.0,8.6,11.0,2500.0,23.0,60.0,7285.0,,0.0,82.0,7285.0,45.0,35.0,1400000.0,6841564.0,1146986.0,6104580.0,2382120.0,3433986.0,0.0,4715.0,0.3929166666666667,60.0,,6253.174323447854,30558.20881216085,20.46315725468621,56.25261688764829,82.0,8.6,0.5177525832105347
MLT,Malta,EUR,2021,524376,10.0,54.0,44.0,65.0,,0.22,1.0,,100.0,54.0,0.0,53.0,98.0,53.0,,,,,,,,,,0.0,0.0,100.0,0.0,,,,,98.0,,0.30482315112539415
MHL,Marshall Islands,WPR,2021,41359,478.0,200.0,160.0,240.0,0.0,92.0,38.0,19.0,60.0,118.0,89.0,4.0,90.0,118.0,0.0,0.0,10000.0,1162000.0,280000.0,1162000.0,599413.0,280000.0,,82.0,0.41,60.0,75.42372881355932,24178.534297250902,2809545.6853405545,0.8605851979345955,24.096385542168676,90.0,0.0,0.5707998646442645
MRT,Mauritania,AFR,2021,4734879,79.0,3800.0,2300.0,7200.0,3.7,14.0,660.0,19.0,65.0,2438.0,26.0,25.0,83.0,2438.0,26.0,19.0,589948.0,2223932.0,65137.0,2223932.0,323932.0,1900000.0,,1362.0,0.358421052631579,65.0,1.066447908121411,12459.621460231612,46969.14113327923,26.52724993390086,85.43426687506633,83.0,3.7,0.5074250290225683
MUS,Mauritius,AFR,2021,1279621,11.0,140.0,110.0,170.0,13.0,1.3,17.0,12.0,65.0,91.0,91.0,15.0,81.0,91.0,2.0,1.0,,,,,,,,49.0,0.35,65.0,100.0,,,,,81.0,13.0,0.27889505064961795
MEX,Mexico,AMR,2021,127648145,27.0,34000.0,28000.0,41000.0,13.0,3.0,3800.0,11.0,64.0,21651.0,1286.0,9.0,71.0,21124.0,311.0,197.0,5030181.0,13934709.0,5377062.0,13934709.0,13934709.0,0.0,0.0,12349.0,0.36320588235294116,64.0,5.939679460533001,3940.6612606865538,10916.499413289555,36.098213461077655,0.0,71.0,13.0,0.47928640360294106
FSM,Micronesia (Federated States of),WPR,2021,111611,137.0,150.0,120.0,180.0,0.0,33.0,37.0,24.0,47.0,72.0,54.0,3.0,92.0,72.0,,,0.0,587921.0,306430.0,587921.0,25000.0,50000.0,512921.0,78.0,0.52,47.0,75.0,0.0,526759.0112085727,0.0,95.74772801107632,92.0,0.0,0.47398169582807415
MCO,Monaco,EUR,2021,38531,0.0,0.0,0.0,0.0,,0.0,0.0,,,0.0,,0.0,,,,,,,,,,,,0.0,,,,,,,,,,0.30000000000000004
MNG,Mongolia,WPR,2021,3339678,421.0,14000.0,7300.0,23000.0,0.09,11.0,370.0,3.0,19.0,2709.0,1310.0,0.0,90.0,2584.0,108.0,78.0,1322429.0,7103757.0,3886343.0,7103757.0,4506001.0,2557756.0,,11291.0,0.8065,19.0,48.357327427094866,39597.500118274875,212707.84189373945,18.615909862907753,36.00567981140121,90.0,0.09,0.7862827713956303
MNE,Montenegro,EUR,2021,603847,17.0,100.0,83.0,130.0,0.0,0.2,1.0,1.0,77.0,80.0,68.0,2.0,94.0,80.0,0.0,0.0,,100000.0,,,,,,20.0,0.2,77.0,85.0,,16560.48634836308,,,94.0,0.0,0.23739340514897547
MSR,Montserrat,AMR,2021,4479,0.0,0.0,0.0,0.0,,0.0,0.0,,,,,,,,,,,,,,,,,,,,,,,,,,,0.30000000000000004
MAR,Morocco,EMR,2021,36954442,89.0,33000.0,27000.0,40000.0,1.2,6.7,2500.0,8.0,89.0,29327.0,10656.0,,87.0,29327.0,227.0,157.0,4230771.0,28840994.0,12251675.0,24092900.0,22035327.0,1496573.0,0.0,3673.0,0.1113030303030303,89.0,36.335117809527055,11448.612862291358,78044.72869594405,14.669296765569175,6.211676469001241,87.0,1.2,0.3196597592007645
MOZ,Mozambique,AFR,2021,31707807,361.0,114000.0,70000.0,170000.0,25.0,41.0,13000.0,12.0,86.0,97921.0,74997.0,,94.0,96311.0,1336.0,1024.0,7797970.0,29849060.0,1614344.0,29849060.0,3562346.0,16606515.0,4400000.0,16079.0,0.1410438596491228,86.0,76.58929136753098,24593.217689258672,94137.8885017182,26.124675282906733,70.375800778986,94.0,25.0,0.3784335808982461
MMR,Myanmar,SEA,2021,53387099,353.0,188000.0,124000.0,275000.0,7.1,68.0,36000.0,20.0,34.0,64410.0,,45.0,87.0,69952.0,1438.0,1084.0,15991898.0,90208945.0,11933064.0,52044630.0,4852183.0,34871126.0,7523000.0,123590.0,0.6573936170212766,34.0,,29954.611319112882,168971.4307196201,17.72761891850082,81.45725313063038,87.0,7.1,0.7811320613661329
NAM,Namibia,AFR,2021,2810543,441.0,12000.0,8300.0,17000.0,33.0,105.0,3000.0,25.0,54.0,6703.0,6703.0,424.0,87.0,6464.0,246.0,187.0,2732826.0,27043871.0,9164479.0,10409079.0,7779176.0,780073.0,549830.0,5297.0,0.4414166666666667,54.0,100.0,97234.80480462317,962229.3983760433,10.105158392450548,12.776375316202326,87.0,33.0,0.4823783610045056
NRU,Nauru,WPR,2021,11710,179.0,21.0,17.0,25.0,,5.4,1.0,,100.0,21.0,,0.0,,,0.0,0.0,,100000.0,,,,,,0.0,0.0,100.0,,,853970.9649871904,,,,,0.38633440514455575
NPL,Nepal,SEA,2021,29475018,230.0,68000.0,40000.0,103000.0,0.79,59.0,18000.0,27.0,42.0,28252.0,11514.0,,92.0,27980.0,396.0,305.0,5965862.0,23570814.0,1058267.0,16065703.0,7020168.0,8995535.0,0.0,39748.0,0.5845294117647059,42.0,40.75463683986975,20240.401549542734,79968.78576969825,25.310377486326946,55.99216542220406,92.0,0.79,0.6090800689431033
NLD,Netherlands (Kingdom of the),EUR,2021,17730563,4.4,770.0,660.0,890.0,2.9,0.14,25.0,3.0,87.0,671.0,523.0,532.0,82.0,659.0,11.0,10.0,,33000000.0,,,,,,99.0,0.12857142857142856,87.0,77.94336810730253,,186119.30145703777,,,82.0,2.9,0.21000305271833786
NCL,New Caledonia,WPR,2021,285212,13.0,38.0,31.0,46.0,,2.3,7.0,17.0,65.0,25.0,,0.0,,,0.0,,,,,,,,,13.0,0.34210526315789475,65.0,,,,,,,,0.47594412633714
NZL,New Zealand,WPR,2021,5107697,7.0,350.0,290.0,430.0,1.0,0.28,14.0,4.0,85.0,302.0,,269.0,87.0,302.0,5.0,5.0,,,,,,,,48.0,0.13714285714285715,85.0,,,,,,87.0,1.0,0.37139498171973384
NIC,Nicaragua,AMR,2021,6644745,46.0,3100.0,2500.0,3700.0,5.3,2.1,140.0,4.0,60.0,1836.0,1112.0,0.0,87.0,1836.0,28.0,24.0,,,,,,,,1264.0,0.40774193548387094,60.0,60.56644880174292,,,,,87.0,5.3,0.4032814636518115
NER,Niger,AFR,2021,24502141,80.0,20000.0,12000.0,37000.0,3.2,14.0,3500.0,19.0,65.0,12786.0,1445.0,,86.0,12791.0,85.0,65.0,521866.0,5305338.0,2096634.0,4585596.0,,4387002.0,,7214.0,0.3607,65.0,11.301423431878618,2129.8791807622038,21652.54864870788,9.83662115401507,95.66917800870378,86.0,3.2,0.4937999850596001
NGA,Nigeria,AFR,2021,218529294,219.0,479000.0,312000.0,680000.0,5.9,60.0,130000.0,28.0,43.0,204725.0,128165.0,0.0,91.0,204725.0,2197.0,1854.0,73093837.0,372643206.0,39631679.0,117114118.0,27002499.0,66111619.0,24000000.0,274275.0,0.5725991649269311,43.0,62.60349248992551,33448.07264146472,170523.22788358066,19.61496568919064,76.94342965550916,91.0,5.9,0.5474697910846534
NIU,Niue,WPR,2021,1815,0.0,0.0,0.0,0.0,,0.0,0.0,,,0.0,,0.0,,,0.0,0.0,,12000.0,,,,,,0.0,,,,,661157.0247933884,,,,,0.30000000000000004
MKD,North Macedonia,EUR,2021,1851108,10.0,190.0,150.0,230.0,0.66,0.67,12.0,7.0,75.0,143.0,112.0,3.0,79.0,146.0,1.0,,,,,,,,,47.0,0.24736842105263157,75.0,78.32167832167832,,,,,79.0,0.66,0.2708671699310501
MNP,Northern Mariana Islands,WPR,2021,46977,115.0,54.0,44.0,65.0,2.9,20.0,9.0,18.0,65.0,35.0,35.0,28.0,100.0,36.0,0.0,0.0,,500000.0,,,,,,19.0,0.35185185185185186,65.0,100.0,,1064350.6396747346,,,100.0,2.9,0.32997428576329246
NOR,Norway,EUR,2021,5408099,3.0,160.0,130.0,190.0,4.7,0.22,12.0,7.0,88.0,140.0,117.0,130.0,87.0,129.0,12.0,8.0,,,,,,,,20.0,0.125,88.0,83.57142857142857,,,,,87.0,4.7,0.1963003683427484
PSE,"occupied Palestinian territory, including east Jerusalem",EMR,2021,5185330,0.69,36.0,29.0,43.0,0.0,0.1,5.0,15.0,70.0,25.0,,0.0,92.0,25.0,0.0,0.0,,,,,,,,11.0,0.3055555555555556,70.0,,,,,,92.0,0.0,0.4518792600075353
OMN,Oman,EMR,2021,4500426,7.4,330.0,270.0,400.0,1.8,0.4,18.0,5.0,69.0,231.0,205.0,144.0,61.0,231.0,2.0,0.0,,,,,,,,99.0,0.3,69.0,88.74458874458874,,,,,61.0,1.8,0.27487102669654717
PAK,Pakistan,EMR,2021,239477804,270.0,646000.0,458000.0,876000.0,0.54,23.0,56000.0,9.0,53.0,339256.0,185554.0,0.0,94.0,339256.0,2019.0,1484.0,55208288.0,152755902.0,19474120.0,64079740.0,3733164.0,60326750.0,19826.0,306744.0,0.4748359133126935,53.0,54.69439007710991,23053.61377040187,63787.08149503492,36.141508954593455,94.17418984533957,94.0,0.54,0.5446634858192001
PLW,Palau,WPR,2021,17785,45.0,8.0,7.0,10.0,,1.3,0.0,,100.0,8.0,8.0,3.0,100.0,8.0,0.0,0.0,,160000.0,,,,,,0.0,0.0,100.0,100.0,,899634.5234748384,,,100.0,,0.12170418006627379
PAN,Panama,AMR,2021,4345402,43.0,1900.0,1500.0,2300.0,22.0,7.3,320.0,17.0,77.0,1452.0,702.0,56.0,76.0,1477.0,43.0,22.0,,,,,,,,448.0,0.23578947368421052,77.0,48.34710743801653,,,,,76.0,22.0,0.3409898970927583
PNG,Papua New Guinea,WPR,2021,10012899,622.0,62000.0,37000.0,126000.0,6.9,161.0,16000.0,26.0,46.0,28873.0,,,73.0,28244.0,527.0,279.0,2002574.0,18690825.0,1244338.0,7804738.0,4538532.0,3141081.0,0.0,33127.0,0.5343064516129032,46.0,,19999.942074717823,186667.46763349956,10.714208709353386,40.245822473477006,73.0,6.9,0.8548695724936208
PRY,Paraguay,AMR,2021,6684185,57.0,3800.0,3100.0,4600.0,10.0,5.2,350.0,9.0,72.0,2734.0,2064.0,50.0,67.0,2698.0,23.0,15.0,680851.0,8574750.0,1961181.0,4037194.0,2992548.0,956843.0,0.0,1066.0,0.2805263157894737,72.0,75.49378200438917,10185.99874180622,128284.15132136528,7.940184845039214,23.70069409594882,67.0,10.0,0.31047761010996877
PER,Peru,AMR,2021,33155884,137.0,45000.0,36000.0,58000.0,5.9,11.0,3700.0,8.0,56.0,25657.0,5642.0,290.0,86.0,22683.0,1425.0,913.0,10205131.0,120742772.0,6262660.0,115007788.0,111703714.0,3304074.0,,19343.0,0.4298444444444444,56.0,21.99010016759559,30779.245698893144,364166.9514828801,8.451960171992738,2.872913267404117,86.0,5.9,0.5196964784624734
PHL,Philippines,WPR,2021,113100949,579.0,655000.0,368000.0,1060000.0,0.76,37.0,42000.0,7.0,49.0,321564.0,209887.0,46.0,80.0,376014.0,5793.0,4582.0,209929951.0,313822668.0,16480331.0,150090913.0,82279113.0,43847961.0,23963839.0,333436.0,0.5090625954198473,49.0,65.2706770658407,185612.89967602305,277471.29513475613,66.89445104073872,45.18048337809765,80.0,0.76,0.6071808957742371
POL,Poland,EUR,2021,38040299,11.0,4200.0,3400.0,5100.0,1.1,1.3,510.0,12.0,82.0,3446.0,1164.0,132.0,,,,,,,,,,,,754.0,0.17952380952380953,82.0,33.77829367382473,,,,,,1.1,0.3267873459963352
PRT,Portugal,EUR,2021,10390964,16.0,1700.0,1300.0,2000.0,8.8,2.6,270.0,16.0,88.0,1463.0,522.0,385.0,68.0,1480.0,11.0,7.0,,,,,,,,237.0,0.13941176470588235,88.0,35.68010936431989,,,,,68.0,8.8,0.3055009096358897
PRI,Puerto Rico,AMR,2021,3253210,0.69,22.0,18.0,27.0,5.9,0.13,4.0,19.0,76.0,17.0,9.0,4.0,82.0,17.0,0.0,0.0,,402455.0,,,,,,5.0,0.22727272727272727,76.0,52.94117647058823,,12371.01201582437,,,82.0,5.9,0.30717095384447246
QAT,Qatar,EMR,2021,2814986,46.0,1300.0,1100.0,1600.0,0.31,0.32,9.0,1.0,76.0,983.0,983.0,956.0,75.0,983.0,3.0,2.0,,,,,,,,317.0,0.24384615384615385,76.0,100.0,,,,,75.0,0.31,0.24312693091039553
KOR,Republic of Korea,WPR,2021,51848395,44.0,23000.0,21000.0,25000.0,,3.4,1700.0,8.0,94.0,21433.0,11035.0,1242.0,80.0,20545.0,358.0,277.0,,45382753.0,,,,,,1567.0,0.06813043478260869,94.0,51.486026221247606,,87529.71620432995,,,80.0,,0.25204048068045215
MDA,Republic of Moldova,EUR,2021,3023783,80.0,2400.0,2000.0,2900.0,11.0,6.2,190.0,8.0,85.0,2067.0,1912.0,20.0,80.0,1638.0,443.0,310.0,1785144.0,16141215.0,7114000.0,16141215.0,12580742.0,3087429.0,0.0,333.0,0.13875,85.0,92.50120948234155,59036.77611786295,533808.6430143962,11.05953919825738,19.127612140721748,80.0,11.0,0.19249489116506807
ROU,Romania,EUR,2021,19248164,67.0,13000.0,10000.0,15000.0,2.1,4.8,920.0,7.0,59.0,7591.0,2456.0,46.0,81.0,7396.0,260.0,125.0,,13333586.0,,,,,,5409.0,0.41607692307692307,59.0,32.354103543670135,,69271.98874656305,,,81.0,2.1,0.4739686773374
RUS,Russian Federation,EUR,2021,145836185,47.0,69000.0,43000.0,100000.0,26.0,7.1,10000.0,16.0,83.0,56922.0,48208.0,1915.0,60.0,43926.0,20579.0,11122.0,28560381.0,1383506932.0,874342445.0,1383506932.0,1383506932.0,0.0,0.0,12078.0,0.17504347826086958,83.0,84.69133199817294,19583.87830839102,948671.9170554277,2.064346794324555,0.0,60.0,26.0,0.23018272312662547
RWA,Rwanda,AFR,2021,13355261,63.0,8400.0,5900.0,11000.0,16.0,11.0,1400.0,18.0,62.0,5216.0,3310.0,0.0,87.0,5190.0,33.0,32.0,3020932.0,7369288.0,1679986.0,7369288.0,1922160.0,2024827.0,1831280.0,3184.0,0.379047619047619,62.0,63.45858895705521,22619.79005876411,55178.91413728268,40.99353967438917,52.326724101432866,87.0,16.0,0.3800074601372144
KNA,Saint Kitts and Nevis,AMR,2021,46772,0.0,0.0,0.0,0.0,,1.9,1.0,,,0.0,,0.0,,,0.0,0.0,,0.0,,,,,,0.0,,,,,0.0,,,,,0.30000000000000004
LCA,Saint Lucia,AMR,2021,178528,2.2,4.0,3.0,5.0,,1.3,2.0,,100.0,4.0,2.0,0.0,25.0,4.0,0.0,0.0,,,,,,,,0.0,0.0,100.0,50.0,,,,,25.0,,0.20106109324858673
VCT,Saint Vincent and the Grenadines,AMR,2021,102839,4.9,5.0,4.0,6.0,,2.1,2.0,,100.0,5.0,5.0,0.0,60.0,5.0,0.0,0.0,,,,,,,,0.0,0.0,100.0,100.0,,,,,60.0,,0.10236334405344315
WSM,Samoa,WPR,2021,213784,6.1,13.0,11.0,16.0,,0.18,0.0,,100.0,13.0,13.0,0.0,77.0,13.0,,,,150000.0,,,,,,0.0,0.0,100.0,100.0,,70164.27796280358,,,77.0,,0.10294212218849046
SMR,San Marino,EUR,2021,34568,0.0,0.0,0.0,0.0,,0.0,0.0,,,,,,,,,,,,,,,,,,,,,,,,,,,0.30000000000000004
STP,Sao Tome and Principe,AFR,2021,221960,59.0,130.0,110.0,160.0,15.0,12.0,27.0,21.0,63.0,82.0,49.0,2.0,70.0,82.0,6.0,4.0,95772.0,507829.0,32080.0,309563.0,23301.0,267462.0,0.0,48.0,0.36923076923076925,63.0,59.75609756097561,43148.31501171382,228793.0257704091,18.85910414726217,86.3998604484386,70.0,15.0,0.37021604800066504
SAU,Saudi Arabia,EMR,2021,31328376,9.0,2800.0,2600.0,3100.0,1.6,0.44,140.0,5.0,91.0,2577.0,1277.0,1346.0,90.0,2577.0,21.0,18.0,,2500000.0,,,,,,223.0,0.07964285714285714,91.0,49.553744664338375,,7979.985939903173,,,90.0,1.6,0.24473383374982177
SEN,Senegal,AFR,2021,17220855,136.0,23000.0,14000.0,45000.0,4.0,28.0,4900.0,21.0,57.0,13370.0,5211.0,0.0,81.0,13370.0,72.0,61.0,7200000.0,31373779.0,1200000.0,4581238.0,1842535.0,2659819.0,0.0,9630.0,0.418695652173913,57.0,38.975317875841434,41809.77076922139,182184.7927991961,22.949100266180878,58.05895698935528,81.0,4.0,0.47412699086346055
SRB,Serbia,EUR,2021,6835431,19.0,1300.0,1100.0,1600.0,0.31,0.64,44.0,3.0,34.0,445.0,,0.0,85.0,446.0,3.0,3.0,,,,,,,,855.0,0.6576923076923077,34.0,,,,,,85.0,0.31,0.6353597996004031
SYC,Seychelles,AFR,2021,122995,8.9,11.0,9.0,13.0,,0.17,0.0,,100.0,11.0,10.0,5.0,45.0,11.0,0.0,0.0,,20000.0,,,,,,0.0,0.0,100.0,90.9090909090909,,16260.823610715883,,,45.0,,0.1224744226852372
SLE,Sierra Leone,AFR,2021,8094608,395.0,32000.0,20000.0,62000.0,15.0,94.0,7600.0,27.0,55.0,17551.0,4227.0,0.0,91.0,17669.0,,,700000.0,9699091.0,600000.0,6256558.0,614412.0,5000000.0,,14449.0,0.45153125,55.0,24.08409777220671,8647.731922287034,119821.62693980981,7.217171176144238,79.91614558675873,91.0,15.0,0.6619120200206635
SGP,Singapore,WPR,2021,5546291,50.0,2800.0,2300.0,3300.0,0.84,0.31,17.0,1.0,89.0,2461.0,2330.0,1348.0,78.0,2370.0,21.0,7.0,,17440000.0,,,,,,339.0,0.12107142857142857,89.0,94.676960585128,,314444.3737265138,,,78.0,0.84,0.19480966008604006
SXM,Sint Maarten (Dutch part),AMR,2021,41576,2.4,1.0,1.0,1.0,,0.07,0.0,,100.0,1.0,,0.0,100.0,1.0,0.0,,,1500.0,,,,,,0.0,0.0,100.0,,,3607.850683086396,,,100.0,,0.3011575562700946
SVK,Slovakia,EUR,2021,5442757,3.0,160.0,130.0,200.0,3.1,0.34,19.0,11.0,82.0,134.0,48.0,7.0,88.0,131.0,5.0,4.0,,10000.0,,,,,,26.0,0.1625,82.0,35.82089552238806,,183.73041456747012,,,88.0,3.1,0.31040031848376914
SVN,Slovenia,EUR,2021,2113490,4.4,93.0,76.0,110.0,0.0,0.57,12.0,13.0,85.0,79.0,68.0,38.0,74.0,78.0,,,,,,,,,,14.0,0.15053763440860216,85.0,86.07594936708861,,,,,74.0,0.0,0.20463247460559275
SLB,Solomon Islands,WPR,2021,762582,108.0,820.0,670.0,990.0,,27.0,210.0,25.0,45.0,370.0,69.0,2.0,96.0,370.0,,,173460.0,766318.0,178085.0,766318.0,217695.0,548623.0,0.0,450.0,0.5487804878048781,45.0,18.64864864864865,22746.406288110655,100489.91452722461,22.63551162833184,71.59208057229505,96.0,,0.5754498380261711
SOM,Somalia,EMR,2021,17271438,167.0,29000.0,18000.0,56000.0,0.91,32.0,5500.0,19.0,60.0,17422.0,5273.0,0.0,93.0,17422.0,319.0,273.0,812622.0,11794561.0,0.0,11794561.0,0.0,11794561.0,0.0,11578.0,0.3992413793103448,60.0,30.26632992767765,4705.0048756797205,68289.39779073404,6.8898028506529405,100.0,93.0,0.91,0.5156425912320031
ZAF,South Africa,AFR,2021,61502602,513.0,315000.0,214000.0,436000.0,57.0,93.0,57000.0,19.0,55.0,172194.0,107583.0,,79.0,161359.0,6208.0,3861.0,121419987.0,224713629.0,7639339.0,224713629.0,160953394.0,46360235.0,15000000.0,142806.0,0.45335238095238095,55.0,62.477786682462806,197422.52043255017,365372.55610746355,54.03320997499444,27.305969501298026,79.0,57.0,0.5473213690852305
SSD,South Sudan,AFR,2021,10865777,339.0,37000.0,23000.0,70000.0,13.0,91.0,9900.0,30.0,47.0,17468.0,,0.0,84.0,12135.0,127.0,121.0,1000000.0,11940000.0,240000.0,5533954.0,0.0,5533954.0,0.0,19532.0,0.5278918918918919,47.0,,9203.20746505289,109886.29713273152,8.375209380234505,100.0,84.0,13.0,0.7206618114185922
ESP,Spain,EUR,2021,47735665,8.2,3900.0,3200.0,4700.0,6.8,0.48,230.0,6.0,86.0,3370.0,1324.0,1303.0,37.0,2619.0,34.0,16.0,,,,,,,,530.0,0.1358974358974359,86.0,39.287833827893174,,,,,37.0,6.8,0.2927804003243301
LKA,Sri Lanka,SEA,2021,22700374,55.0,13000.0,7800.0,23000.0,0.73,3.6,830.0,7.0,52.0,6551.0,1563.0,14.0,80.0,6551.0,9.0,5.0,674723.0,4712189.0,1603087.0,4712189.0,3551827.0,1019658.0,,6449.0,0.4960769230769231,52.0,23.85895283162876,2972.299046702931,20758.199842874834,14.318674399520054,21.63873308137683,80.0,0.73,0.5233432645313101
SDN,Sudan,EMR,2021,48066923,58.0,28000.0,18000.0,39000.0,2.2,9.9,4800.0,18.0,66.0,18261.0,,0.0,88.0,18719.0,214.0,168.0,1345141.0,9743378.0,194720.0,4441795.0,99814.0,4341981.0,0.0,9739.0,0.34782142857142856,66.0,,2798.4753673539703,20270.4425244778,13.805694493224014,97.752845414973,88.0,2.2,0.4990658486973021
SUR,Suriname,AMR,2021,617900,23.0,140.0,120.0,170.0,19.0,4.4,27.0,19.0,61.0,88.0,83.0,4.0,72.0,82.0,,,300000.0,895400.0,225000.0,793000.0,511000.0,182000.0,,52.0,0.37142857142857144,61.0,94.31818181818181,48551.54555753358,144910.17964071856,33.504578959124416,22.950819672131146,72.0,19.0,0.2820816933020016
SWE,Sweden,EUR,2021,10416130,3.8,400.0,330.0,480.0,2.2,0.23,23.0,6.0,86.0,344.0,290.0,318.0,85.0,334.0,6.0,6.0,,,,,,,,56.0,0.14,86.0,84.30232558139535,,,,,85.0,2.2,0.20266398003041888
CHE,Switzerland,EUR,2021,8707024,4.7,410.0,330.0,490.0,4.6,0.22,19.0,5.0,87.0,355.0,243.0,257.0,75.0,326.0,4.0,0.0,,3000000.0,,,,,,55.0,0.13414634146341464,87.0,68.45070422535211,,34454.941206088326,,,75.0,4.6,0.23189806590735365
SYR,Syrian Arab Republic,EMR,2021,21628844,24.0,5300.0,4300.0,6400.0,0.1,0.14,31.0,1.0,62.0,3290.0,2909.0,14.0,96.0,3290.0,16.0,12.0,277600.0,1231100.0,17000.0,1231100.0,0.0,1231100.0,0.0,2010.0,0.37924528301886795,62.0,88.419452887538,1283.4712756724307,5691.936194093406,22.54893997238242,100.0,96.0,0.1,0.3221809174947992
TJK,Tajikistan,EUR,2021,9966913,76.0,7600.0,6000.0,9200.0,2.9,8.9,890.0,12.0,55.0,4158.0,3544.0,11.0,92.0,3635.0,354.0,301.0,3112111.0,11507173.0,262003.0,10004485.0,467248.0,8795563.0,,3442.0,0.45289473684210524,55.0,85.23328523328523,31224.422245884958,115453.73176228187,27.04496577917096,87.91619958448636,92.0,2.9,0.3749956512386158
THA,Thailand,SEA,2021,71727340,143.0,102000.0,77000.0,128000.0,9.0,17.0,12000.0,12.0,70.0,71488.0,37097.0,3244.0,85.0,71488.0,794.0,556.0,6759621.0,30085845.0,1859273.0,30085845.0,24799318.0,4984627.0,,30512.0,0.2991372549019608,70.0,51.89262533572068,9424.050857037219,41944.73822673474,22.467778451959717,16.568013961382835,85.0,9.0,0.4087754428905496
TLS,Timor-Leste,SEA,2021,1350133,398.0,5400.0,3400.0,9900.0,1.0,77.0,1000.0,19.0,59.0,3193.0,1026.0,0.0,92.0,3193.0,20.0,18.0,627783.0,2972238.0,476276.0,2972238.0,,2972238.0,,2207.0,0.4087037037037037,59.0,32.13279047917319,46497.86354381383,220144.0895082188,21.121558906117208,100.0,92.0,1.0,0.6068482466101093
TGO,Togo,AFR,2021,8878368,47.0,4200.0,2600.0,7900.0,13.0,10.0,910.0,25.0,59.0,2437.0,1934.0,0.0,87.0,2420.0,19.0,11.0,511301.0,1378515.0,500084.0,1377833.0,822037.0,552553.0,0.0,1763.0,0.4197619047619048,59.0,79.35986869101355,5758.952546233722,15526.671117935188,37.09070993061374,40.10304586985505,87.0,13.0,0.3692214163368728
TKL,Tokelau,WPR,2021,2198,0.0,0.0,0.0,0.0,,0.0,0.0,,,0.0,,0.0,,,0.0,0.0,,0.0,,,,,,0.0,,,,,0.0,,,,,0.30000000000000004
TON,Tonga,WPR,2021,105483,6.6,7.0,6.0,8.0,,0.26,0.0,,100.0,7.0,,1.0,100.0,7.0,0.0,0.0,,,,,,,,0.0,0.0,100.0,,,,,,100.0,,0.30318327974276016
TTO,Trinidad and Tobago,AMR,2021,1487716,15.0,230.0,190.0,280.0,11.0,1.9,28.0,12.0,74.0,171.0,,4.0,72.0,166.0,,,,,,,,,,59.0,0.2565217391304348,74.0,,,,,,72.0,11.0,0.43446187551009596
TUN,Tunisia,EMR,2021,12048629,40.0,4900.0,3900.0,5800.0,0.73,1.3,150.0,3.0,54.0,2637.0,1957.0,,84.0,2647.0,10.0,6.0,185000.0,992000.0,30000.0,992000.0,992000.0,0.0,0.0,2263.0,0.46183673469387754,54.0,74.21312097080015,1535.444406164386,8233.30189683822,18.649193548387096,0.0,84.0,0.73,0.39914589393260114
TUR,Türkiye,EUR,2021,86686263,16.0,13000.0,11000.0,16000.0,1.2,0.42,360.0,3.0,67.0,9047.0,318.0,1436.0,80.0,8947.0,101.0,45.0,,,,,,,,3953.0,0.3040769230769231,67.0,3.51497734055488,,,,,80.0,1.2,0.4515001919924445
TKM,Turkmenistan,EUR,2021,7092043,35.0,2500.0,2000.0,3000.0,22.0,12.0,860.0,35.0,76.0,1878.0,889.0,0.0,81.0,1878.0,521.0,368.0,,,,,,,,622.0,0.2488,76.0,47.33759318423855,,,,,81.0,22.0,0.3456032385745763
TCA,Turks and Caicos Islands,AMR,2021,45240,0.0,0.0,0.0,0.0,,0.0,0.0,,,0.0,,0.0,,,0.0,0.0,,,,,,,,0.0,,,,,,,,,,0.30000000000000004
TUV,Tuvalu,WPR,2021,10198,216.0,22.0,18.0,27.0,,6.5,1.0,,100.0,22.0,,0.0,67.0,21.0,1.0,1.0,,,,,,,,0.0,0.0,100.0,,,,,,67.0,,0.40418006430851416
UGA,Uganda,AFR,2021,45910933,199.0,91000.0,55000.0,137000.0,32.0,27.0,13000.0,14.0,82.0,74799.0,51374.0,2439.0,88.0,74704.0,502.0,442.0,10426290.0,44686940.0,1400000.0,29885992.0,4000000.0,9700000.0,10200000.0,16201.0,0.17803296703296703,82.0,68.68273640021926,22709.81946718443,97333.98360691124,23.331850424307415,66.58637933115956,88.0,32.0,0.33541113271734757
UKR,Ukraine,EUR,2021,44298646,81.0,36000.0,29000.0,43000.0,22.0,12.0,5200.0,15.0,51.0,18307.0,17451.0,32.0,75.0,14396.0,3316.0,2174.0,10077913.0,133124063.0,94666.0,113121368.0,65706167.0,40611201.0,6804000.0,17693.0,0.4914722222222222,51.0,95.32419293166548,22749.93461425435,300514.9705930064,7.570316570040384,41.915335571260066,75.0,22.0,0.3806512599256427
ARE,United Arab Emirates,EMR,2021,9789055,0.82,81.0,66.0,97.0,2.0,0.68,66.0,83.0,82.0,66.0,25.0,0.0,85.0,66.0,0.0,0.0,,,,,,,,15.0,0.18518518518518517,82.0,37.878787878787875,,,,,85.0,2.0,0.3164842635929691
GBR,United Kingdom of Great Britain and Northern Ireland,EUR,2021,67668797,7.9,5400.0,5000.0,5800.0,3.5,0.35,240.0,4.0,89.0,4762.0,807.0,3600.0,86.0,4707.0,38.0,31.0,,,,,,,,638.0,0.11814814814814815,89.0,16.946661066778663,,,,,86.0,3.5,0.32851493278673116
TZA,United Republic of Tanzania,AFR,2021,62830413,208.0,131000.0,58000.0,233000.0,18.0,40.0,25000.0,22.0,66.0,86701.0,35644.0,81.0,96.0,86382.0,440.0,311.0,10549672.0,53388379.0,3623940.0,33252617.0,11842341.0,12930276.0,7980000.0,44299.0,0.33816030534351144,66.0,41.111405866137645,16790.70930187901,84972.19173141517,19.760240332451374,62.88309879490087,96.0,18.0,0.4773112183992332
USA,United States of America,AMR,2021,340161448,2.6,8800.0,7100.0,11000.0,4.3,0.2,700.0,8.0,86.0,7557.0,,5621.0,76.0,7004.0,107.0,93.0,,135034000.0,,,,,,1243.0,0.14125,86.0,,,39697.0323338934,,,76.0,4.3,0.37130981585793943
URY,Uruguay,AMR,2021,3396698,34.0,1200.0,950.0,1400.0,13.0,3.6,120.0,11.0,81.0,951.0,318.0,4.0,72.0,946.0,1.0,1.0,,4253647.0,,,,,,249.0,0.2075,81.0,33.4384858044164,,125228.88405151121,,,72.0,13.0,0.3524355672610604
UZB,Uzbekistan,EUR,2021,34243699,60.0,21000.0,17000.0,25000.0,2.9,2.2,760.0,4.0,66.0,13544.0,13273.0,0.0,89.0,11680.0,1753.0,1284.0,,,,,,,,7456.0,0.35504761904761906,66.0,97.99911399881867,,,,,89.0,2.9,0.30903373200275663
VUT,Vanuatu,WPR,2021,305872,48.0,150.0,89.0,300.0,0.0,12.0,36.0,28.0,47.0,69.0,1.0,0.0,90.0,69.0,0.0,0.0,0.0,527709.0,195605.0,527709.0,195605.0,204258.0,,81.0,0.54,47.0,1.4492753623188406,0.0,172526.08934456244,0.0,38.70655986538035,90.0,0.0,0.5880765049093678
VEN,Venezuela (Bolivarian Republic of),AMR,2021,28237836,48.0,13000.0,11000.0,16000.0,7.8,3.6,1000.0,8.0,68.0,9090.0,192.0,21.0,84.0,9090.0,22.0,15.0,1233277.0,2697820.0,21600.0,1019747.0,189046.0,810701.0,0.0,3910.0,0.3007692307692308,68.0,2.112211221122112,4367.462860822621,9553.91907510193,45.71383561542282,79.50020936565639,84.0,7.8,0.46588704941467973
VNM,Viet Nam,WPR,2021,98935100,171.0,169000.0,107000.0,244000.0,3.0,12.0,12000.0,7.0,46.0,77657.0,74204.0,5.0,90.0,77657.0,2354.0,1705.0,31014669.0,132975703.0,6994960.0,33651888.0,4972638.0,26813654.0,883594.0,91343.0,0.5404911242603551,46.0,95.55352382914612,31348.499167636157,134407.00317683007,23.32356084629987,82.30518299597337,90.0,3.0,0.44355746271845903
WLF,Wallis and Futuna,WPR,2021,11564,1.4,0.0,0.0,0.0,,0.04,0.0,,,,,,,,,,,,,,,,,,,,,,,,,,,0.3006752411575552
YEM,Yemen,EMR,2021,37140229,34.0,13000.0,11000.0,15000.0,0.72,10.0,3900.0,31.0,74.0,9367.0,,0.0,89.0,9358.0,40.0,31.0,429545.0,3976243.0,582000.0,1721076.0,69090.0,1651986.0,0.0,3633.0,0.2794615384615385,74.0,,1156.5491424406673,10706.027149159474,10.80278544344498,95.98565083703451,89.0,0.72,0.454417496132671
ZMB,Zambia,AFR,2021,19603610,307.0,60000.0,38000.0,87000.0,34.0,41.0,8000.0,14.0,83.0,50075.0,50075.0,,92.0,50075.0,426.0,342.0,5464317.0,37755340.0,718340.0,31334448.0,11750000.0,9409575.0,9644873.0,9925.0,0.16541666666666666,83.0,100.0,27874.034425292077,192593.81307830548,14.472964619044618,60.809904805088635,92.0,34.0,0.3159935095636328
ZWE,Zimbabwe,AFR,2021,15797209,198.0,31000.0,22000.0,41000.0,62.0,55.0,8600.0,28.0,52.0,16310.0,16310.0,,90.0,16541.0,232.0,158.0,6529001.0,32126351.0,3535698.0,16096601.0,2096683.0,9803368.0,3284585.0,14690.0,0.4738709677419355,52.0,100.0,41330.09191686962,203367.2593684112,20.322883853195776,81.30879929247175,90.0,62.0,0.4095894488488098
